"Team","Season","Home Wins","Home Draws","Home Losses","Home GD","Away Wins","Away Draws","Away Losses","Away GD","Points"
"Manchester Utd",1993,14,5,2,25,10,7,4,11,84
"Aston Villa",1993,13,5,3,20,8,6,7,-3,74
"Norwich City",1993,13,6,2,12,8,3,10,-16,72
"Blackburn",1993,13,4,4,20,7,7,7,2,71
"QPR",1993,11,5,5,9,6,7,8,-1,63
"Tottenham",1993,11,5,5,15,5,6,10,-21,59
"Liverpool",1993,13,4,4,23,3,7,11,-16,59
"Sheffield Weds",1993,9,8,4,8,6,6,9,-4,59
"Manchester City",1993,7,8,6,5,8,4,9,0,57
"Arsenal",1993,8,6,7,5,7,5,9,-3,56
"Chelsea",1993,9,7,5,7,5,7,9,-10,56
"Wimbledon",1993,9,4,8,9,5,8,8,-8,54
"Everton",1993,7,6,8,-1,8,2,11,-1,53
"Ipswich Town",1993,8,9,4,7,4,7,10,-12,52
"Sheffield Utd",1993,10,6,5,14,4,4,13,-13,52
"Coventry City",1993,7,4,10,1,6,9,6,-6,52
"Leeds United",1993,12,8,1,23,0,7,14,-28,51
"Southampton",1993,10,6,5,9,3,5,13,-16,50
"Crystal Palace",1993,6,9,6,2,5,7,9,-15,49
"Oldham Athletic",1993,10,6,5,13,3,4,14,-24,49
"Middlesbrough",1993,8,5,8,6,3,6,12,-27,44
"Nott'ham Forest",1993,6,4,11,-8,4,6,11,-13,40
"Manchester Utd",1994,14,6,1,26,13,5,3,16,92
"Blackburn",1994,14,5,2,20,11,4,6,7,84
"Newcastle Utd",1994,14,4,3,37,9,4,8,4,77
"Arsenal",1994,10,8,3,10,8,9,4,15,71
"Leeds United",1994,13,6,2,19,5,10,6,7,70
"Wimbledon",1994,12,5,4,14,6,6,9,-11,65
"Sheffield Weds",1994,10,7,4,24,6,9,6,-2,64
"Liverpool",1994,12,4,5,10,5,5,11,-6,60
"QPR",1994,8,7,6,3,8,5,8,-2,60
"Aston Villa",1994,8,5,8,5,7,7,7,-9,57
"Coventry City",1994,9,7,5,6,5,7,9,-8,56
"Norwich City",1994,4,9,8,-3,8,8,5,7,53
"West Ham",1994,6,7,8,-5,7,6,8,-6,52
"Chelsea",1994,11,5,5,11,2,7,12,-15,51
"Tottenham",1994,4,8,9,-4,7,4,10,-1,45
"Manchester City",1994,6,10,5,2,3,8,10,-13,45
"Everton",1994,8,4,9,-4,4,4,13,-17,44
"Ipswich Town",1994,5,8,8,-11,4,8,9,-12,43
"Southampton",1994,9,2,10,-1,3,5,13,-16,43
"Sheffield Utd",1994,6,10,5,1,2,8,11,-19,42
"Oldham Athletic",1994,5,8,8,-9,4,5,12,-17,40
"Swindon Town",1994,4,7,10,-20,1,8,12,-33,30
"Blackburn",1995,17,2,2,33,10,6,5,8,89
"Manchester Utd",1995,16,4,1,38,10,6,5,11,88
"Nott'ham Forest",1995,12,6,3,18,10,5,6,11,77
"Liverpool",1995,13,5,3,25,8,6,7,3,74
"Leeds United",1995,13,5,3,20,7,8,6,1,73
"Newcastle Utd",1995,14,6,1,26,6,6,9,-6,72
"Tottenham",1995,10,5,6,7,6,9,6,1,62
"QPR",1995,11,3,7,10,6,6,9,-8,60
"Wimbledon",1995,9,5,7,0,6,6,9,-17,56
"Chelsea",1995,7,7,7,3,6,8,7,-8,54
"Southampton",1995,8,9,4,6,4,9,8,-8,54
"Sheffield Weds",1995,7,7,7,0,6,5,10,-8,51
"Arsenal",1995,6,9,6,6,7,3,11,-3,51
"Everton",1995,8,9,4,8,3,8,10,-15,50
"Coventry City",1995,7,7,7,-2,5,7,9,-16,50
"West Ham",1995,9,6,6,9,4,5,12,-13,50
"Manchester City",1995,8,7,6,9,4,6,11,-20,49
"Aston Villa",1995,6,9,6,3,5,6,10,-8,48
"Crystal Palace",1995,6,6,9,-7,5,6,10,-8,45
"Norwich City",1995,8,8,5,6,2,5,14,-23,43
"Leicester City",1995,5,6,10,-9,1,5,15,-26,29
"Ipswich Town",1995,5,3,13,-10,2,3,16,-47,27
"Manchester Utd",1996,15,4,0,27,10,3,6,11,82
"Newcastle Utd",1996,17,1,1,29,7,5,7,0,78
"Liverpool",1996,14,4,1,33,6,7,6,3,71
"Aston Villa",1996,11,5,3,17,7,4,8,0,63
"Arsenal",1996,10,7,2,14,7,5,7,3,63
"Blackburn",1996,14,2,3,25,4,5,10,-11,61
"Everton",1996,10,5,4,16,7,5,7,4,61
"Tottenham",1996,9,5,5,7,7,8,4,5,61
"Nott'ham Forest",1996,11,6,2,12,4,7,8,-16,58
"West Ham",1996,9,5,5,4,5,4,10,-13,51
"Chelsea",1996,7,7,5,8,5,7,7,-6,50
"Leeds United",1996,8,3,8,0,4,4,11,-17,43
"Middlesbrough",1996,8,3,8,0,3,7,9,-15,43
"Wimbledon",1996,5,6,8,-6,5,5,9,-9,41
"Sheffield Weds",1996,7,5,7,-1,3,5,11,-12,40
"Coventry City",1996,6,7,6,-2,2,7,10,-16,38
"Manchester City",1996,7,7,5,2,2,4,13,-27,38
"Southampton",1996,7,7,5,3,2,4,13,-21,38
"QPR",1996,6,5,8,-1,3,1,15,-18,33
"Bolton",1996,5,4,10,-15,3,1,15,-17,29
"Manchester Utd",1997,12,5,2,21,9,7,3,11,75
"Arsenal",1997,10,5,4,18,9,6,4,12,68
"Liverpool",1997,10,6,3,19,9,5,5,6,68
"Newcastle Utd",1997,13,3,3,34,6,8,5,-1,68
"Aston Villa",1997,11,5,3,14,6,5,8,-1,61
"Chelsea",1997,9,8,2,11,7,3,9,-8,59
"Sheffield Weds",1997,8,10,1,9,6,5,8,-10,57
"Wimbledon",1997,9,6,4,7,6,5,8,-4,56
"Leicester City",1997,7,5,7,-4,5,6,8,-4,47
"Leeds United",1997,7,7,5,2,4,6,9,-12,46
"Tottenham",1997,8,4,7,2,5,3,11,-9,46
"Derby County",1997,8,6,5,3,3,7,9,-16,46
"West Ham",1997,7,6,6,2,3,6,10,-11,42
"Middlesbrough",1997,8,5,6,9,2,7,10,-18,42
"Everton",1997,7,4,8,2,3,8,8,-15,42
"Blackburn",1997,8,4,7,5,1,11,7,-6,42
"Coventry City",1997,4,8,7,-4,5,6,8,-12,41
"Southampton",1997,6,7,6,8,4,4,11,-14,41
"Sunderland",1997,7,6,6,2,3,4,12,-20,40
"Nott'ham Forest",1997,3,9,7,-12,3,7,9,-16,34
"Arsenal",1998,15,2,2,33,8,7,4,2,78
"Manchester Utd",1998,13,4,2,33,10,4,5,14,77
"Liverpool",1998,13,2,4,26,5,9,5,0,65
"Chelsea",1998,13,2,4,23,7,1,11,5,63
"Leeds United",1998,9,5,5,10,8,3,8,1,59
"Blackburn",1998,11,4,4,14,5,6,8,-9,58
"Aston Villa",1998,9,3,7,2,8,3,8,-1,57
"West Ham",1998,13,4,2,22,3,4,12,-23,56
"Derby County",1998,12,3,4,15,4,4,11,-12,55
"Leicester City",1998,6,10,3,6,7,4,8,4,53
"Coventry City",1998,8,9,2,9,4,7,8,-7,52
"Southampton",1998,10,1,8,5,4,5,10,-10,48
"Newcastle Utd",1998,8,5,6,2,3,6,10,-11,44
"Tottenham",1998,7,8,4,1,4,3,12,-13,44
"Sheffield Weds",1998,9,5,5,4,3,3,13,-19,44
"Wimbledon",1998,5,6,8,-7,5,8,6,-5,44
"Everton",1998,7,5,7,-2,2,8,9,-13,40
"Bolton",1998,7,8,4,3,2,5,12,-23,40
"Barnsley",1998,7,4,8,-10,3,1,15,-35,35
"Crystal Palace",1998,2,5,12,-24,6,4,9,-10,33
"Manchester Utd",1999,14,4,1,27,8,9,2,16,79
"Arsenal",1999,14,5,0,29,8,7,4,13,78
"Chelsea",1999,12,6,1,16,8,9,2,11,75
"Leeds United",1999,12,5,2,23,6,8,5,5,67
"West Ham",1999,11,3,5,6,5,6,8,-13,57
"Aston Villa",1999,10,3,6,5,5,7,7,0,55
"Liverpool",1999,10,5,4,20,5,4,10,-1,54
"Derby County",1999,8,7,4,3,5,6,8,-8,52
"Middlesbrough",1999,7,9,3,7,5,6,8,-13,51
"Leicester City",1999,7,6,6,0,5,7,7,-6,49
"Tottenham",1999,7,7,5,2,4,7,8,-5,47
"Newcastle Utd",1999,7,6,6,1,4,7,8,-7,46
"Sheffield Weds",1999,7,5,7,5,6,2,11,-6,46
"Everton",1999,6,8,5,10,5,2,12,-15,43
"Coventry City",1999,8,6,5,5,3,3,13,-17,42
"Wimbledon",1999,7,7,5,1,3,5,11,-24,42
"Southampton",1999,9,4,6,3,2,4,13,-30,41
"Charlton Ath",1999,4,7,8,0,4,5,10,-15,36
"Blackburn",1999,6,5,8,-3,1,9,9,-11,35
"Nott'ham Forest",1999,3,7,9,-13,4,2,13,-21,30
"Manchester Utd",2000,15,4,0,43,13,3,3,9,91
"Arsenal",2000,14,3,2,25,8,4,7,5,73
"Leeds United",2000,12,2,5,11,9,4,6,4,69
"Liverpool",2000,11,4,4,15,8,6,5,6,67
"Chelsea",2000,12,5,2,23,6,6,7,-4,65
"Sunderland",2000,10,6,3,11,6,4,9,-10,58
"Aston Villa",2000,8,8,3,11,7,5,7,0,58
"Leicester City",2000,10,3,6,7,6,4,9,-7,55
"West Ham",2000,11,5,3,9,4,5,10,-10,55
"Tottenham",2000,10,3,6,14,5,5,9,-6,53
"Middlesbrough",2000,8,5,6,-3,6,5,8,-3,52
"Newcastle Utd",2000,10,5,4,22,4,5,10,-13,52
"Everton",2000,7,9,3,15,5,5,9,-5,50
"Southampton",2000,8,4,7,4,4,4,11,-21,44
"Coventry City",2000,12,1,6,16,0,7,12,-23,44
"Derby County",2000,6,3,10,-3,3,8,8,-10,38
"Bradford City",2000,6,8,5,-3,3,1,15,-27,36
"Wimbledon",2000,6,7,6,2,1,5,13,-30,33
"Sheffield Weds",2000,6,3,10,-2,2,4,13,-30,31
"Watford",2000,5,4,10,-7,1,2,16,-35,24
"Manchester Utd",2001,15,2,2,37,9,6,4,11,80
"Arsenal",2001,15,3,1,32,5,7,7,-7,70
"Liverpool",2001,13,4,2,26,7,5,7,6,69
"Leeds United",2001,11,3,5,15,9,5,5,6,68
"Ipswich Town",2001,11,5,3,16,9,1,9,-1,66
"Chelsea",2001,13,3,3,24,4,7,8,-1,61
"Sunderland",2001,9,7,3,8,6,5,8,-3,57
"Aston Villa",2001,8,8,3,7,5,7,7,-4,54
"Southampton",2001,11,2,6,5,3,8,8,-13,52
"Charlton Ath",2001,11,5,3,12,3,5,11,-19,52
"Newcastle Utd",2001,10,4,5,9,4,5,10,-15,51
"Tottenham",2001,11,6,2,15,2,4,13,-22,49
"Leicester City",2001,10,4,5,5,4,2,13,-17,48
"West Ham",2001,6,6,7,4,4,6,9,-9,42
"Derby County",2001,8,7,4,-1,2,5,12,-21,42
"Everton",2001,6,8,5,2,5,1,13,-16,42
"Middlesbrough",2001,4,7,8,-5,5,8,6,5,42
"Manchester City",2001,4,3,12,-11,4,7,8,-13,34
"Coventry City",2001,4,7,8,-9,4,3,12,-18,34
"Bradford City",2001,4,7,8,-9,1,4,14,-31,26
"Arsenal",2002,12,4,3,17,14,5,0,26,87
"Liverpool",2002,12,5,2,19,12,3,4,18,80
"Manchester Utd",2002,11,2,6,23,13,3,3,19,77
"Newcastle Utd",2002,12,3,4,17,9,5,5,5,71
"Leeds United",2002,9,6,4,10,9,6,4,6,66
"Chelsea",2002,11,4,4,22,6,9,4,6,64
"West Ham",2002,12,4,3,18,3,4,12,-27,53
"Tottenham",2002,10,4,5,8,4,4,11,-12,50
"Aston Villa",2002,8,7,4,5,4,7,8,-6,50
"Blackburn",2002,8,6,5,13,4,4,11,-9,46
"Southampton",2002,7,5,7,1,5,4,10,-9,45
"Middlesbrough",2002,7,5,7,-3,5,4,10,-9,45
"Charlton Ath",2002,5,6,8,-7,5,8,6,-4,44
"Fulham",2002,7,7,5,5,3,7,9,-13,44
"Everton",2002,8,4,7,3,3,6,10,-15,43
"Sunderland",2002,7,7,5,2,3,3,13,-24,40
"Bolton",2002,5,7,7,-11,4,6,9,-7,40
"Ipswich Town",2002,6,4,9,-4,3,5,11,-19,36
"Derby County",2002,5,4,10,-6,3,2,14,-24,30
"Leicester City",2002,3,7,9,-19,2,6,11,-15,28
"Manchester Utd",2003,16,2,1,30,9,6,4,10,83
"Arsenal",2003,15,2,2,27,8,7,4,16,78
"Newcastle Utd",2003,15,2,2,19,6,4,9,-4,69
"Chelsea",2003,12,5,2,26,7,5,7,4,67
"Liverpool",2003,9,8,2,14,9,2,8,6,64
"Blackburn",2003,9,7,3,9,7,5,7,0,60
"Everton",2003,11,5,3,9,6,3,10,-10,59
"Southampton",2003,9,8,2,9,4,5,10,-12,52
"Manchester City",2003,9,2,8,2,6,4,9,-9,51
"Tottenham",2003,9,4,6,1,5,4,10,-12,50
"Charlton Ath",2003,8,3,8,-4,6,4,9,-7,49
"Middlesbrough",2003,10,7,2,15,3,3,13,-11,49
"Birmingham City",2003,8,5,6,2,5,4,10,-10,48
"Fulham",2003,11,3,5,8,2,6,11,-17,48
"Leeds United",2003,7,3,9,-1,7,2,10,2,47
"Aston Villa",2003,11,2,6,11,1,7,11,-16,45
"Bolton",2003,7,8,4,3,3,6,10,-13,44
"West Ham",2003,5,7,7,-3,5,5,9,-14,42
"West Brom",2003,3,5,11,-17,3,3,13,-19,26
"Sunderland",2003,3,2,14,-20,1,5,13,-24,19
"Arsenal",2004,15,4,0,26,11,8,0,21,90
"Chelsea",2004,12,4,3,21,12,3,4,16,79
"Manchester Utd",2004,12,4,3,22,11,2,6,7,75
"Liverpool",2004,10,4,5,14,6,8,5,4,60
"Aston Villa",2004,9,6,4,5,6,5,8,-1,56
"Newcastle Utd",2004,11,5,3,19,2,12,5,-7,56
"Charlton Ath",2004,7,6,6,0,7,5,7,0,53
"Bolton",2004,6,8,5,3,8,3,8,-11,53
"Fulham",2004,9,4,6,8,5,6,8,-2,52
"Birmingham City",2004,8,5,6,2,4,9,6,-7,50
"Middlesbrough",2004,8,4,7,2,5,5,9,-10,48
"Southampton",2004,8,6,5,7,4,5,10,-8,47
"Tottenham",2004,9,4,6,6,4,2,13,-16,45
"Portsmouth",2004,10,4,5,16,2,5,12,-23,45
"Blackburn",2004,5,4,10,-6,7,4,8,-2,44
"Manchester City",2004,5,9,5,7,4,5,10,-6,41
"Everton",2004,8,5,6,7,1,7,11,-19,39
"Wolves",2004,7,5,7,-12,0,7,12,-27,33
"Leicester City",2004,3,10,6,-9,3,5,11,-8,33
"Leeds United",2004,5,7,7,-6,3,2,14,-33,33
"Chelsea",2005,14,5,0,29,15,3,1,28,95
"Arsenal",2005,13,5,1,35,12,3,4,16,83
"Manchester Utd",2005,12,6,1,19,10,5,4,13,77
"Everton",2005,12,2,5,9,6,5,8,-10,61
"Liverpool",2005,12,4,3,16,5,3,11,-5,58
"Bolton",2005,9,5,5,7,7,5,7,-2,58
"Middlesbrough",2005,9,6,4,10,5,7,7,-3,55
"Manchester City",2005,8,6,5,10,5,7,7,-2,52
"Tottenham",2005,9,5,5,14,5,5,9,-8,52
"Aston Villa",2005,8,6,5,9,4,5,10,-16,47
"Charlton Ath",2005,8,4,7,0,4,6,9,-16,46
"Birmingham City",2005,8,6,5,9,3,6,10,-15,45
"Fulham",2005,8,4,7,3,4,4,11,-11,44
"Newcastle Utd",2005,7,7,5,0,3,7,9,-10,44
"Blackburn",2005,5,8,6,-1,4,7,8,-10,42
"Portsmouth",2005,8,4,7,4,2,5,12,-20,39
"West Brom",2005,5,8,6,-7,1,8,10,-18,34
"Crystal Palace",2005,6,5,8,2,1,7,11,-23,33
"Norwich City",2005,7,5,7,-3,0,7,12,-32,33
"Southampton",2005,5,9,5,0,1,5,13,-21,32
"Chelsea",2006,18,1,0,38,11,3,5,12,91
"Manchester Utd",2006,13,5,1,29,12,3,4,9,83
"Liverpool",2006,15,3,1,24,10,4,5,8,82
"Arsenal",2006,14,3,2,35,6,4,9,2,67
"Tottenham",2006,12,5,2,15,6,6,7,0,65
"Blackburn",2006,13,3,3,14,6,3,10,-5,63
"Newcastle Utd",2006,11,5,3,13,6,2,11,-8,58
"Bolton",2006,11,5,3,16,4,6,9,-8,56
"West Ham",2006,9,3,7,5,7,4,8,-8,55
"Wigan Athletic",2006,7,3,9,-2,8,3,8,-5,51
"Everton",2006,8,4,7,0,6,4,9,-15,50
"Fulham",2006,13,2,4,10,1,4,14,-20,48
"Charlton Ath",2006,8,4,7,1,5,4,10,-15,47
"Middlesbrough",2006,7,5,7,-2,5,4,10,-8,45
"Manchester City",2006,9,2,8,6,4,2,13,-11,43
"Aston Villa",2006,6,6,7,0,4,6,9,-13,42
"Portsmouth",2006,5,7,7,-7,5,1,13,-18,38
"Birmingham City",2006,6,5,8,-1,2,5,12,-21,34
"West Brom",2006,6,2,11,-3,1,7,11,-24,30
"Sunderland",2006,1,4,14,-25,2,2,15,-18,15
"Manchester Utd",2007,15,2,2,34,13,3,3,22,89
"Chelsea",2007,12,7,0,26,12,4,3,14,83
"Arsenal",2007,12,6,1,27,7,5,7,1,68
"Liverpool",2007,14,4,1,32,6,4,9,-2,68
"Tottenham",2007,12,3,4,12,5,6,8,-9,60
"Everton",2007,11,4,4,16,4,9,6,0,58
"Bolton",2007,9,5,5,6,7,3,9,-11,56
"Reading",2007,11,2,6,9,5,5,9,-4,55
"Portsmouth",2007,11,5,3,13,3,7,9,-10,54
"Blackburn",2007,9,3,7,6,6,4,9,-8,52
"Aston Villa",2007,7,8,4,6,4,9,6,-4,50
"Middlesbrough",2007,10,3,6,7,2,7,10,-12,46
"Newcastle Utd",2007,7,7,5,3,4,3,12,-12,43
"Manchester City",2007,5,6,8,-6,6,3,10,-9,42
"West Ham",2007,8,2,9,-2,4,3,12,-22,41
"Fulham",2007,7,7,5,0,1,8,10,-22,39
"Sheffield Utd",2007,7,6,6,3,3,2,14,-26,38
"Wigan Athletic",2007,5,4,10,-12,5,4,10,-10,38
"Charlton Ath",2007,7,5,7,-1,1,5,13,-25,34
"Watford",2007,3,9,7,-6,2,4,13,-24,28
"Manchester Utd",2008,17,1,1,40,10,5,4,18,87
"Chelsea",2008,12,7,0,23,13,3,3,16,85
"Arsenal",2008,14,5,0,26,10,6,3,17,83
"Liverpool",2008,12,6,1,30,9,7,3,9,76
"Everton",2008,11,4,4,17,8,4,7,5,65
"Aston Villa",2008,10,3,6,12,6,9,4,8,60
"Blackburn",2008,8,7,4,7,7,6,6,-5,58
"Portsmouth",2008,7,8,4,10,9,1,9,-2,57
"Manchester City",2008,11,4,4,8,4,6,9,-16,55
"West Ham",2008,7,7,5,0,6,3,10,-8,49
"Tottenham",2008,8,5,6,12,3,8,8,-7,46
"Newcastle Utd",2008,8,5,6,-1,3,5,11,-19,43
"Middlesbrough",2008,7,5,7,4,3,7,9,-14,42
"Wigan Athletic",2008,8,5,6,4,2,5,12,-21,40
"Sunderland",2008,9,3,7,2,2,3,14,-25,39
"Bolton",2008,7,5,7,5,2,5,12,-23,37
"Fulham",2008,5,5,9,-9,3,7,9,-13,36
"Reading",2008,8,2,9,-6,2,4,13,-19,36
"Birmingham City",2008,6,8,5,7,2,3,14,-23,35
"Derby County",2008,1,5,13,-31,0,3,16,-38,11
"Manchester Utd",2009,16,2,1,30,12,4,3,14,90
"Liverpool",2009,12,7,0,28,13,4,2,22,86
"Chelsea",2009,11,6,2,21,14,2,3,23,83
"Arsenal",2009,11,5,3,15,9,7,3,16,72
"Everton",2009,8,6,5,11,9,6,4,7,63
"Aston Villa",2009,7,9,3,6,10,2,7,0,62
"Fulham",2009,11,3,5,12,3,8,8,-7,53
"Tottenham",2009,10,5,4,11,4,4,11,-11,51
"West Ham",2009,9,2,8,1,5,7,7,-4,51
"Manchester City",2009,13,0,6,22,2,5,12,-14,50
"Stoke City",2009,10,5,4,7,2,4,13,-24,45
"Wigan Athletic",2009,8,5,6,-1,4,4,11,-10,45
"Bolton",2009,7,5,7,0,4,3,12,-12,41
"Portsmouth",2009,8,3,8,-3,2,8,9,-16,41
"Blackburn",2009,6,7,6,-1,4,4,11,-19,41
"Sunderland",2009,6,3,10,-4,3,6,10,-16,36
"Hull City",2009,3,5,11,-18,5,6,8,-7,35
"Newcastle Utd",2009,5,7,7,-5,2,6,11,-14,34
"West Brom",2009,7,3,9,-7,1,5,13,-24,32
"Middlesbrough",2009,5,9,5,-3,2,2,15,-26,32
"Chelsea",2010,17,1,1,54,10,4,5,17,86
"Manchester Utd",2010,16,1,2,40,11,3,5,18,85
"Arsenal",2010,15,2,2,33,8,4,7,9,75
"Tottenham",2010,14,2,3,28,7,5,7,-2,70
"Manchester City",2010,12,4,3,21,6,9,4,7,67
"Aston Villa",2010,8,8,3,13,9,5,5,0,64
"Liverpool",2010,13,3,3,28,5,6,8,-2,63
"Everton",2010,11,6,2,14,5,7,7,-3,61
"Blackburn",2010,10,6,3,10,3,5,11,-24,50
"Birmingham City",2010,8,9,2,6,5,2,12,-15,50
"Stoke City",2010,7,6,6,3,4,8,7,-17,47
"Fulham",2010,11,3,5,12,1,7,11,-19,46
"Sunderland",2010,9,7,3,13,2,4,13,-21,44
"Bolton",2010,6,6,7,-5,4,3,12,-20,39
"Wolves",2010,5,6,8,-9,4,5,10,-15,38
"Wigan Athletic",2010,6,7,6,-5,3,2,14,-37,36
"West Ham",2010,7,5,7,1,1,6,12,-20,35
"Burnley",2010,7,5,7,-5,1,1,17,-35,30
"Hull City",2010,6,6,7,-7,0,6,13,-34,30
"Portsmouth",2010,5,3,11,-8,2,4,13,-24,28
"Manchester Utd",2011,18,1,0,37,5,10,4,4,80
"Chelsea",2011,14,3,2,26,7,5,7,10,71
"Manchester City",2011,13,4,2,22,8,4,7,5,71
"Arsenal",2011,11,4,4,18,8,7,4,11,68
"Tottenham",2011,9,9,1,11,7,5,7,-2,62
"Liverpool",2011,12,4,3,23,5,3,11,-8,58
"Everton",2011,9,7,3,8,4,8,7,-2,54
"Fulham",2011,8,7,4,7,3,9,7,-1,49
"Aston Villa",2011,8,7,4,7,4,5,10,-18,48
"Sunderland",2011,7,5,7,-2,5,6,8,-9,47
"West Brom",2011,8,6,5,0,4,5,10,-15,47
"Newcastle Utd",2011,6,8,5,14,5,5,9,-15,46
"Stoke City",2011,10,4,5,13,3,3,13,-15,46
"Bolton",2011,10,5,4,10,2,5,12,-14,46
"Blackburn",2011,7,7,5,6,4,3,12,-19,43
"Wigan Athletic",2011,5,8,6,-12,4,7,8,-9,42
"Wolves",2011,8,4,7,0,3,3,13,-20,40
"Birmingham City",2011,6,8,5,-3,2,7,10,-18,39
"Blackpool",2011,5,5,9,-7,5,4,10,-16,39
"West Ham",2011,5,5,9,-7,2,7,10,-20,33
"Manchester City",2012,18,1,0,43,10,4,5,21,89
"Manchester Utd",2012,15,2,2,33,13,3,3,23,89
"Arsenal",2012,12,4,3,22,9,3,7,3,70
"Tottenham",2012,13,3,3,22,7,6,6,3,69
"Newcastle Utd",2012,11,5,3,12,8,3,8,-7,65
"Chelsea",2012,12,3,4,17,6,7,6,2,64
"Everton",2012,10,3,6,13,5,8,6,-3,56
"Fulham",2012,10,5,4,10,4,5,10,-13,52
"Liverpool",2012,6,9,4,8,8,1,10,-1,52
"Norwich City",2012,7,6,6,-2,5,5,9,-12,47
"West Brom",2012,6,3,10,-1,7,5,7,-6,47
"Swansea City",2012,8,7,4,9,4,4,11,-16,47
"Stoke City",2012,7,8,4,5,4,4,11,-22,45
"Sunderland",2012,7,7,5,9,4,5,10,-10,45
"Wigan Athletic",2012,5,7,7,-5,6,3,10,-15,43
"Aston Villa",2012,4,7,8,-5,3,10,6,-11,38
"QPR",2012,7,5,7,-1,3,2,14,-22,37
"Bolton",2012,4,4,11,-16,6,2,11,-15,36
"Blackburn",2012,6,1,12,-7,2,6,11,-23,31
"Wolves",2012,3,3,13,-24,2,7,10,-18,25
"Manchester Utd",2013,16,0,3,26,12,5,2,17,89
"Manchester City",2013,14,3,2,26,9,6,4,6,78
"Chelsea",2013,12,5,2,25,10,4,5,11,75
"Arsenal",2013,11,5,3,24,10,5,4,11,73
"Tottenham",2013,11,5,3,11,10,4,5,9,72
"Everton",2013,12,6,1,16,4,9,6,-1,63
"Liverpool",2013,9,6,4,17,7,7,5,11,61
"West Brom",2013,9,4,6,7,5,3,11,-11,49
"West Ham",2013,9,6,4,12,3,4,12,-20,46
"Swansea City",2013,6,8,5,2,5,5,9,-6,46
"Norwich City",2013,8,7,4,5,2,7,10,-22,44
"Fulham",2013,7,3,9,-2,4,7,8,-8,43
"Stoke City",2013,7,7,5,-1,2,8,9,-10,42
"Newcastle Utd",2013,9,1,9,-7,2,7,10,-16,41
"Southampton",2013,6,7,6,2,3,7,9,-13,41
"Aston Villa",2013,5,5,9,-5,5,6,8,-17,41
"Sunderland",2013,5,8,6,1,4,4,11,-14,39
"Wigan Athletic",2013,4,6,9,-13,5,3,11,-13,36
"Reading",2013,4,8,7,-10,2,2,15,-20,28
"QPR",2013,2,8,9,-15,2,5,12,-15,25
"Manchester City",2014,17,1,1,50,10,4,5,15,86
"Liverpool",2014,16,1,2,35,10,5,4,16,84
"Chelsea",2014,15,3,1,32,10,4,5,12,82
"Arsenal",2014,13,5,1,25,11,2,6,2,79
"Everton",2014,13,3,3,19,8,6,5,3,72
"Tottenham",2014,11,3,5,7,10,3,6,-3,69
"Manchester Utd",2014,9,3,7,8,10,4,5,13,64
"Southampton",2014,8,6,5,9,7,5,7,-1,56
"Stoke City",2014,10,6,3,10,3,5,11,-17,50
"Newcastle Utd",2014,8,3,8,-5,7,1,11,-11,49
"Crystal Palace",2014,8,3,8,-5,5,3,11,-10,45
"Swansea City",2014,6,5,8,7,5,4,10,-7,42
"West Ham",2014,7,3,9,-1,4,4,11,-10,40
"Sunderland",2014,5,3,11,-6,5,5,9,-13,38
"Aston Villa",2014,6,3,10,-7,4,5,10,-15,38
"Hull City",2014,7,4,8,-1,3,3,13,-14,37
"West Brom",2014,4,9,6,-3,3,6,10,-13,36
"Norwich City",2014,6,6,7,-1,2,3,14,-33,33
"Fulham",2014,5,3,11,-14,4,2,13,-31,32
"Cardiff City",2014,5,5,9,-15,2,4,13,-27,30
"Chelsea",2015,15,4,0,27,11,5,3,14,87
"Manchester City",2015,14,3,2,30,10,4,5,15,79
"Arsenal",2015,12,5,2,27,10,4,5,8,75
"Manchester Utd",2015,14,2,3,26,6,8,5,-1,70
"Tottenham",2015,10,3,6,7,9,4,6,-2,64
"Liverpool",2015,10,5,4,10,8,3,8,-6,62
"Southampton",2015,11,4,4,24,7,2,10,-3,60
"Swansea City",2015,9,5,5,5,7,3,9,-8,56
"Stoke City",2015,10,3,6,10,5,6,8,-7,54
"Crystal Palace",2015,6,3,10,-6,7,6,6,2,48
"West Ham",2015,9,4,6,7,3,7,9,-10,47
"Everton",2015,7,7,5,6,5,4,10,-8,47
"West Brom",2015,7,4,8,-2,4,7,8,-11,44
"Leicester City",2015,7,5,7,6,4,3,12,-15,41
"Newcastle Utd",2015,7,5,7,-1,3,4,12,-22,39
"Aston Villa",2015,5,6,8,-7,5,2,12,-19,38
"Sunderland",2015,4,8,7,-11,3,9,7,-11,38
"Hull City",2015,5,5,9,-5,3,6,10,-13,35
"Burnley",2015,4,7,8,-7,3,5,11,-18,33
"QPR",2015,6,5,8,-1,2,1,16,-30,30
"Leicester City",2016,12,6,1,17,11,6,2,15,81
"Arsenal",2016,12,4,3,20,8,7,4,9,71
"Tottenham",2016,10,6,3,20,9,7,3,14,70
"Manchester City",2016,12,2,5,26,7,7,5,4,66
"Manchester Utd",2016,12,5,2,18,7,4,8,-4,66
"Southampton",2016,11,3,5,17,7,6,6,1,63
"West Ham",2016,9,7,3,8,7,7,5,6,62
"Liverpool",2016,8,8,3,11,8,4,7,2,60
"Stoke City",2016,8,4,7,-2,6,5,8,-12,51
"Chelsea",2016,5,9,5,2,7,5,7,4,50
"Swansea City",2016,8,6,5,0,4,5,10,-10,47
"Everton",2016,6,5,8,5,5,9,5,-1,47
"Watford",2016,6,6,7,1,6,3,10,-11,45
"West Brom",2016,6,5,8,-6,4,8,7,-8,43
"Crystal Palace",2016,6,3,10,-4,5,6,8,-8,42
"Bournemouth",2016,5,5,9,-11,6,4,9,-11,42
"Sunderland",2016,6,6,7,3,3,6,10,-17,39
"Newcastle Utd",2016,7,7,5,8,2,3,14,-29,37
"Norwich City",2016,6,5,8,-4,3,2,14,-24,34
"Aston Villa",2016,2,5,12,-21,1,3,15,-28,17
"Chelsea",2017,17,0,2,38,13,3,3,14,93
"Tottenham",2017,17,2,0,38,9,6,4,22,86
"Manchester City",2017,11,7,1,20,12,2,5,21,78
"Liverpool",2017,12,5,2,27,10,5,4,9,76
"Arsenal",2017,14,3,2,23,9,3,7,10,75
"Manchester Utd",2017,8,10,1,14,10,5,4,11,69
"Everton",2017,13,4,2,26,4,6,9,-8,61
"Bournemouth",2017,9,4,6,6,3,6,10,-18,46
"Southampton",2017,6,6,7,-4,6,4,9,-3,46
"West Ham",2017,7,4,8,-12,5,5,9,-5,45
"West Brom",2017,9,2,8,5,3,7,9,-13,45
"Leicester City",2017,10,4,5,6,2,4,13,-21,44
"Stoke City",2017,7,6,6,0,4,5,10,-15,44
"Crystal Palace",2017,6,2,11,-1,6,3,10,-12,41
"Swansea City",2017,8,3,8,-7,4,2,13,-18,41
"Watford",2017,8,4,7,-4,3,3,13,-24,40
"Burnley",2017,10,3,6,6,1,4,14,-22,40
"Hull City",2017,8,4,7,-7,1,3,15,-36,34
"Middlesbrough",2017,4,6,9,-6,1,7,11,-20,28
"Sunderland",2017,3,5,11,-18,3,1,15,-22,24
"Manchester City",2018,16,2,1,47,16,2,1,32,100
"Manchester Utd",2018,15,2,2,29,10,4,5,11,81
"Tottenham",2018,13,4,2,24,10,4,5,14,77
"Liverpool",2018,12,7,0,35,9,5,5,11,75
"Chelsea",2018,11,4,4,14,10,3,6,10,70
"Arsenal",2018,15,2,2,34,4,4,11,-11,63
"Burnley",2018,7,5,7,-1,7,7,5,-2,54
"Everton",2018,10,4,5,6,3,6,10,-20,49
"Leicester City",2018,7,6,6,3,5,5,9,-7,47
"Crystal Palace",2018,7,5,7,2,4,6,9,-12,44
"Newcastle Utd",2018,8,4,7,4,4,4,11,-12,44
"Bournemouth",2018,7,5,7,-4,4,6,9,-12,44
"West Ham",2018,7,6,6,-2,3,6,10,-18,42
"Watford",2018,7,6,6,-4,4,2,13,-16,41
"Brighton",2018,7,8,4,-1,2,5,12,-19,40
"Huddersfield",2018,6,5,8,-9,3,5,11,-21,37
"Southampton",2018,4,7,8,-6,3,8,8,-13,36
"Stoke City",2018,5,5,9,-10,2,7,10,-23,33
"Swansea City",2018,6,3,10,-7,2,6,11,-21,33
"West Brom",2018,3,9,7,-8,3,4,12,-17,31
"Manchester City",2019,18,0,1,45,14,2,3,27,98
"Liverpool",2019,17,2,0,45,13,5,1,22,97
"Chelsea",2019,12,6,1,27,9,3,7,-3,72
"Tottenham",2019,12,2,5,18,11,0,8,10,71
"Arsenal",2019,14,3,2,26,7,4,8,-4,70
"Manchester Utd",2019,10,6,3,8,9,3,7,3,66
"Wolves",2019,10,4,5,7,6,5,8,-6,57
"Everton",2019,10,4,5,9,5,5,9,-1,54
"Leicester City",2019,8,3,8,4,7,4,8,-1,52
"West Ham",2019,9,4,6,5,6,3,10,-8,52
"Watford",2019,8,3,8,-2,6,5,8,-5,50
"Crystal Palace",2019,5,5,9,-4,9,2,8,2,49
"Bournemouth",2019,8,5,6,5,5,1,13,-19,45
"Newcastle Utd",2019,8,1,10,-1,4,8,7,-5,45
"Burnley",2019,7,2,10,-8,4,5,10,-15,40
"Southampton",2019,5,8,6,-3,4,4,11,-17,39
"Brighton",2019,6,5,8,-9,3,4,12,-16,36
"Cardiff City",2019,6,2,11,-17,4,2,13,-18,34
"Fulham",2019,6,3,10,-14,1,2,16,-33,26
"Huddersfield",2019,2,3,14,-21,1,4,14,-33,16
"Liverpool",2020,18,1,0,36,14,2,3,16,99
"Manchester City",2020,15,2,2,44,11,1,7,23,81
"Chelsea",2020,11,3,5,14,9,3,7,1,66
"Manchester Utd",2020,10,7,2,23,8,5,6,7,66
"Leicester City",2020,11,4,4,18,7,4,8,8,62
"Tottenham",2020,12,3,4,19,4,8,7,-5,59
"Wolves",2020,8,7,4,8,7,7,5,3,59
"Arsenal",2020,10,6,3,12,4,8,7,-4,56
"Sheffield Utd",2020,10,3,6,9,4,9,6,-9,54
"Burnley",2020,8,4,7,1,7,5,7,-8,54
"Southampton",2020,6,3,10,-14,9,4,6,5,52
"Everton",2020,8,7,4,3,5,3,11,-15,49
"Newcastle Utd",2020,6,8,5,-1,5,3,11,-19,44
"Crystal Palace",2020,6,5,8,-5,5,5,9,-14,43
"Brighton",2020,5,7,7,-7,4,7,8,-8,41
"West Ham",2020,6,4,9,-3,4,5,10,-10,39
"Aston Villa",2020,7,3,9,-8,2,5,12,-18,35
"Watford",2020,6,6,7,-5,2,4,13,-23,34
"Bournemouth",2020,5,6,8,-8,4,1,14,-17,34
"Norwich City",2020,4,3,12,-18,1,3,15,-31,21
"Manchester City",2021,13,2,4,26,14,3,2,25,86
"Manchester Utd",2021,9,4,6,10,12,7,0,19,74
"Liverpool",2021,10,3,6,9,10,6,3,17,69
"Chelsea",2021,9,6,4,13,10,4,5,9,67
"Leicester City",2021,9,1,9,4,11,5,3,14,66
"West Ham",2021,10,4,5,10,9,4,6,5,65
"Tottenham",2021,10,3,6,15,8,5,6,8,62
"Arsenal",2021,8,4,7,3,10,3,6,13,61
"Leeds United",2021,8,5,6,7,10,0,9,1,59
"Everton",2021,6,4,9,-4,11,4,4,3,59
"Aston Villa",2021,7,4,8,2,9,3,7,7,55
"Wolves",2021,7,4,8,-4,5,5,9,-12,45
"Newcastle Utd",2021,6,5,8,-7,6,4,9,-9,45
"Crystal Palace",2021,6,5,8,-12,6,3,10,-13,44
"Southampton",2021,8,3,8,3,4,4,11,-24,43
"Brighton",2021,4,9,6,0,5,5,9,-6,41
"Burnley",2021,4,6,9,-13,6,3,10,-9,39
"Fulham",2021,2,4,13,-19,3,9,7,-7,28
"West Brom",2021,3,6,10,-24,2,5,12,-17,26
"Sheffield Utd",2021,5,1,13,-15,2,1,16,-28,23
"Manchester City",2022,15,2,2,43,14,4,1,30,93
"Liverpool",2022,15,4,0,40,13,4,2,28,92
"Chelsea",2022,9,7,3,15,12,4,3,28,74
"Tottenham",2022,13,1,5,19,9,4,6,10,71
"Arsenal",2022,13,2,4,18,9,1,9,-5,69
"Manchester Utd",2022,10,5,4,10,6,5,8,-10,58
"West Ham",2022,9,5,5,7,7,3,9,2,56
"Leicester City",2022,10,4,5,11,4,6,9,-8,52
"Brighton",2022,5,7,7,-4,7,8,4,2,51
"Wolves",2022,7,3,9,-5,8,3,8,0,51
"Newcastle Utd",2022,8,6,5,-1,5,4,10,-17,49
"Crystal Palace",2022,7,8,4,10,4,7,8,-6,48
"Brentford",2022,7,3,9,1,6,4,9,-9,46
"Aston Villa",2022,6,5,8,0,7,1,11,-2,45
"Southampton",2022,6,7,6,-1,3,6,10,-23,40
"Everton",2022,9,2,8,2,2,4,13,-25,39
"Leeds United",2022,4,6,9,-19,5,5,9,-18,38
"Burnley",2022,5,6,8,-7,2,8,9,-12,35
"Watford",2022,2,2,15,-29,4,3,12,-14,23
"Norwich City",2022,3,3,13,-31,2,4,13,-30,22
"Manchester City",2023,17,1,1,43,11,4,4,18,89
"Arsenal",2023,14,3,2,28,12,3,4,17,84
"Manchester Utd",2023,15,3,1,26,8,3,8,-11,75
"Newcastle Utd",2023,11,6,2,22,8,8,3,13,71
"Liverpool",2023,13,5,1,29,6,5,8,-1,67
"Brighton",2023,10,4,5,16,8,4,7,3,62
"Aston Villa",2023,12,2,5,12,6,5,8,-7,61
"Tottenham",2023,12,1,6,12,6,5,8,-5,60
"Brentford",2023,10,7,2,17,5,7,7,-5,59
"Fulham",2023,8,5,6,2,7,2,10,0,52
"Crystal Palace",2023,7,7,5,-2,4,5,10,-7,45
"Chelsea",2023,6,7,6,1,5,4,10,-10,44
"Wolves",2023,9,3,7,-1,2,5,12,-26,41
"West Ham",2023,8,4,7,2,3,3,13,-15,40
"Bournemouth",2023,6,4,9,-8,5,2,12,-26,39
"Nott'ham Forest",2023,8,6,5,3,1,5,13,-33,38
"Everton",2023,6,3,10,-11,2,9,8,-12,36
"Leicester City",2023,5,4,10,-4,4,3,12,-13,34
"Leeds United",2023,5,7,7,-11,2,3,14,-19,31
"Southampton",2023,2,5,12,-18,4,2,13,-19,25
